variable,count,mean,std,min,25%,50%,75%,max,original
dummy1,1000.0,-7.517409171599852e-05,0.008522989299118577,-0.0341640926886697,-0.00544641634039555,-0.000169455837371,0.005180778011378975,0.0286639876636165,-0.0017020792195303
dummy2,1000.0,6.807345739600928e-06,0.01129255308793294,-0.030843121327635,-0.0076755404916539,4.122417015173241e-05,0.007159780094374925,0.0422538711973921,-0.0272619374176708
x1,1000.0,0.048809668979892,3.082250713255444,-9.674148679822611,-2.0148264488373897,-0.003680134423011447,2.0632857306928853,28.205370479716844,28.205370479716844
x2,1000.0,-0.05489931334056388,8.084495092691917,-22.36215297132288,-5.585450541045383,-0.1385310804151269,5.085755020390077,75.05379881161417,75.05379881161417
x3,1000.0,0.06521781772320631,1.9086681210055645,-5.582326520912051,-1.1861105346732304,-0.02895452275165405,1.2336962025304894,17.758660092375223,17.758660092375223
